<application>
  <component name="DesignSurface">
    <option name="filePathToZoomLevelMap">
      <map>
        <entry key="..\:/1/backup/TicketCheck-master/app/src/main/res/drawable-v24/ic_launcher_foreground.xml" value="0.35410557184750735" />
        <entry key="..\:/1/backup/domolifesub/app/src/main/res/drawable/border_cir_4dp_gray_f.xml" value="0.11041666666666666" />
        <entry key="..\:/1/backup/domolifesub/app/src/main/res/layout/activity_direct_indent_detail.xml" value="0.2613333333333333" />
        <entry key="..\:/1/backup/domolifesub/app/src/main/res/layout/activity_main.xml" value="0.240625" />
        <entry key="..\:/1/backup/domolifesub/app/src/main/res/layout/activity_mine_login.xml" value="0.34632683658170915" />
        <entry key="..\:/1/backup/domolifesub/app/src/main/res/layout/activity_shop_car.xml" value="0.22083333333333333" />
        <entry key="..\:/1/backup/domolifesub/app/src/main/res/layout/activity_test.xml" value="0.1" />
        <entry key="..\:/1/backup/domolifesub/app/src/main/res/layout/activity_test1.xml" value="0.240625" />
        <entry key="..\:/1/backup/domolifesub/app/src/main/res/layout/activity_video_detail.xml" value="0.34632683658170915" />
        <entry key="..\:/1/backup/domolifesub/app/src/main/res/layout/adapter_intent_type.xml" value="0.3065967016491754" />
        <entry key="..\:/1/backup/domolifesub/app/src/main/res/layout/fragment_commual_search_detail.xml" value="0.240625" />
        <entry key="..\:/1/backup/domolifesub/app/src/main/res/layout/item_topic_content.xml" value="0.225" />
        <entry key="..\:/1/backup/domolifesub/app/src/main/res/layout/item_video_detail.xml" value="0.34632683658170915" />
        <entry key="..\:/1/backup/domolifesub/app/src/main/res/layout/layout_comment_edit.xml" value="0.13576494427558258" />
        <entry key="..\:/1/backup/domolifesub/app/src/main/res/layout/layout_communal_smart_refresh_recycler_float_loading.xml" value="0.196875" />
        <entry key="..\:/1/backup/domolifesub/app/src/main/res/layout/layout_communal_time_multi.xml" value="0.1" />
        <entry key="..\:/1/backup/domolifesub/app/src/main/res/layout/layout_keywords_list.xml" value="0.240625" />
        <entry key="..\:/1/backup/domolifesub/app/src/main/res/layout/navigation_bar_bottom.xml" value="0.240625" />
        <entry key="..\:/1/backup/domolifesub/app/src/main/res/layout/video_layout_cover.xml" value="0.225" />
        <entry key="..\:/Desktop/MyApplication/app/src/main/res/layout/activity_main.xml" value="0.1" />
        <entry key="..\:/Desktop/MyApplication2/app/src/main/res/layout/activity_main.xml" value="0.22604166666666667" />
      </map>
    </option>
  </component>
</application>