<application>
  <component name="ProjectJdkTable">
    <jdk version="2">
      <name value="1.8" />
      <type value="JavaSDK" />
      <version value="java version &quot;11.0.8&quot;" />
      <homePath value="$APPLICATION_HOME_DIR$/jre" />
      <roots>
        <annotationsPath>
          <root type="composite">
            <root url="jar://$APPLICATION_HOME_DIR$/plugins/java/lib/jdkAnnotations.jar!/" type="simple" />
          </root>
        </annotationsPath>
        <classPath>
          <root type="composite">
            <root url="jrt://D:/Android Studio3.6/jre!/java.base" type="simple" />
            <root url="jrt://D:/Android Studio3.6/jre!/java.compiler" type="simple" />
            <root url="jrt://D:/Android Studio3.6/jre!/java.datatransfer" type="simple" />
            <root url="jrt://D:/Android Studio3.6/jre!/java.desktop" type="simple" />
            <root url="jrt://D:/Android Studio3.6/jre!/java.instrument" type="simple" />
            <root url="jrt://D:/Android Studio3.6/jre!/java.logging" type="simple" />
            <root url="jrt://D:/Android Studio3.6/jre!/java.management" type="simple" />
            <root url="jrt://D:/Android Studio3.6/jre!/java.management.rmi" type="simple" />
            <root url="jrt://D:/Android Studio3.6/jre!/java.naming" type="simple" />
            <root url="jrt://D:/Android Studio3.6/jre!/java.net.http" type="simple" />
            <root url="jrt://D:/Android Studio3.6/jre!/java.prefs" type="simple" />
            <root url="jrt://D:/Android Studio3.6/jre!/java.rmi" type="simple" />
            <root url="jrt://D:/Android Studio3.6/jre!/java.scripting" type="simple" />
            <root url="jrt://D:/Android Studio3.6/jre!/java.se" type="simple" />
            <root url="jrt://D:/Android Studio3.6/jre!/java.security.jgss" type="simple" />
            <root url="jrt://D:/Android Studio3.6/jre!/java.security.sasl" type="simple" />
            <root url="jrt://D:/Android Studio3.6/jre!/java.smartcardio" type="simple" />
            <root url="jrt://D:/Android Studio3.6/jre!/java.sql" type="simple" />
            <root url="jrt://D:/Android Studio3.6/jre!/java.sql.rowset" type="simple" />
            <root url="jrt://D:/Android Studio3.6/jre!/java.transaction.xa" type="simple" />
            <root url="jrt://D:/Android Studio3.6/jre!/java.xml" type="simple" />
            <root url="jrt://D:/Android Studio3.6/jre!/java.xml.crypto" type="simple" />
            <root url="jrt://D:/Android Studio3.6/jre!/jdk.accessibility" type="simple" />
            <root url="jrt://D:/Android Studio3.6/jre!/jdk.aot" type="simple" />
            <root url="jrt://D:/Android Studio3.6/jre!/jdk.attach" type="simple" />
            <root url="jrt://D:/Android Studio3.6/jre!/jdk.charsets" type="simple" />
            <root url="jrt://D:/Android Studio3.6/jre!/jdk.compiler" type="simple" />
            <root url="jrt://D:/Android Studio3.6/jre!/jdk.crypto.cryptoki" type="simple" />
            <root url="jrt://D:/Android Studio3.6/jre!/jdk.crypto.ec" type="simple" />
            <root url="jrt://D:/Android Studio3.6/jre!/jdk.dynalink" type="simple" />
            <root url="jrt://D:/Android Studio3.6/jre!/jdk.hotspot.agent" type="simple" />
            <root url="jrt://D:/Android Studio3.6/jre!/jdk.httpserver" type="simple" />
            <root url="jrt://D:/Android Studio3.6/jre!/jdk.internal.ed" type="simple" />
            <root url="jrt://D:/Android Studio3.6/jre!/jdk.internal.jvmstat" type="simple" />
            <root url="jrt://D:/Android Studio3.6/jre!/jdk.internal.le" type="simple" />
            <root url="jrt://D:/Android Studio3.6/jre!/jdk.internal.vm.ci" type="simple" />
            <root url="jrt://D:/Android Studio3.6/jre!/jdk.internal.vm.compiler" type="simple" />
            <root url="jrt://D:/Android Studio3.6/jre!/jdk.internal.vm.compiler.management" type="simple" />
            <root url="jrt://D:/Android Studio3.6/jre!/jdk.javadoc" type="simple" />
            <root url="jrt://D:/Android Studio3.6/jre!/jdk.jdi" type="simple" />
            <root url="jrt://D:/Android Studio3.6/jre!/jdk.jdwp.agent" type="simple" />
            <root url="jrt://D:/Android Studio3.6/jre!/jdk.jfr" type="simple" />
            <root url="jrt://D:/Android Studio3.6/jre!/jdk.jsobject" type="simple" />
            <root url="jrt://D:/Android Studio3.6/jre!/jdk.localedata" type="simple" />
            <root url="jrt://D:/Android Studio3.6/jre!/jdk.management" type="simple" />
            <root url="jrt://D:/Android Studio3.6/jre!/jdk.management.agent" type="simple" />
            <root url="jrt://D:/Android Studio3.6/jre!/jdk.management.jfr" type="simple" />
            <root url="jrt://D:/Android Studio3.6/jre!/jdk.naming.dns" type="simple" />
            <root url="jrt://D:/Android Studio3.6/jre!/jdk.naming.rmi" type="simple" />
            <root url="jrt://D:/Android Studio3.6/jre!/jdk.net" type="simple" />
            <root url="jrt://D:/Android Studio3.6/jre!/jdk.pack" type="simple" />
            <root url="jrt://D:/Android Studio3.6/jre!/jdk.scripting.nashorn" type="simple" />
            <root url="jrt://D:/Android Studio3.6/jre!/jdk.scripting.nashorn.shell" type="simple" />
            <root url="jrt://D:/Android Studio3.6/jre!/jdk.sctp" type="simple" />
            <root url="jrt://D:/Android Studio3.6/jre!/jdk.security.auth" type="simple" />
            <root url="jrt://D:/Android Studio3.6/jre!/jdk.security.jgss" type="simple" />
            <root url="jrt://D:/Android Studio3.6/jre!/jdk.unsupported" type="simple" />
            <root url="jrt://D:/Android Studio3.6/jre!/jdk.xml.dom" type="simple" />
            <root url="jrt://D:/Android Studio3.6/jre!/jdk.zipfs" type="simple" />
          </root>
        </classPath>
        <javadocPath>
          <root type="composite" />
        </javadocPath>
        <sourcePath>
          <root type="composite" />
        </sourcePath>
      </roots>
      <additional />
    </jdk>
    <jdk version="2">
      <name value="Android API 22 Platform" />
      <type value="Android SDK" />
      <version value="java version &quot;1.8.0_112-release&quot;" />
      <homePath value="D:\sdk\Android-sdk" />
      <roots>
        <annotationsPath>
          <root type="composite">
            <root url="jar://$APPLICATION_HOME_DIR$/plugins/android/lib/androidAnnotations.jar!/" type="simple" />
          </root>
        </annotationsPath>
        <classPath>
          <root type="composite">
            <root url="jar://D:/sdk/Android-sdk/platforms/android-22/android.jar!/" type="simple" />
            <root url="file://D:/sdk/Android-sdk/platforms/android-22/data/res" type="simple" />
          </root>
        </classPath>
        <javadocPath>
          <root type="composite">
            <root url="http://developer.android.com/reference/" type="simple" />
          </root>
        </javadocPath>
        <sourcePath>
          <root type="composite" />
        </sourcePath>
      </roots>
      <additional jdk="1.8" sdk="android-22" />
    </jdk>
    <jdk version="2">
      <name value="Android API 23 Platform" />
      <type value="Android SDK" />
      <version value="java version &quot;1.8.0_112-release&quot;" />
      <homePath value="D:\sdk\Android-sdk" />
      <roots>
        <annotationsPath>
          <root type="composite">
            <root url="jar://$APPLICATION_HOME_DIR$/plugins/android/lib/androidAnnotations.jar!/" type="simple" />
          </root>
        </annotationsPath>
        <classPath>
          <root type="composite">
            <root url="jar://D:/sdk/Android-sdk/platforms/android-23/android.jar!/" type="simple" />
            <root url="file://D:/sdk/Android-sdk/platforms/android-23/data/res" type="simple" />
          </root>
        </classPath>
        <javadocPath>
          <root type="composite" />
        </javadocPath>
        <sourcePath>
          <root type="composite">
            <root url="file://D:/sdk/Android-sdk/sources/android-23" type="simple" />
          </root>
        </sourcePath>
      </roots>
      <additional jdk="1.8" sdk="android-23" />
    </jdk>
    <jdk version="2">
      <name value="Android API 24 Platform" />
      <type value="Android SDK" />
      <version value="java version &quot;1.8.0_112-release&quot;" />
      <homePath value="D:\sdk\Android-sdk" />
      <roots>
        <annotationsPath>
          <root type="composite">
            <root url="jar://$APPLICATION_HOME_DIR$/plugins/android/lib/androidAnnotations.jar!/" type="simple" />
          </root>
        </annotationsPath>
        <classPath>
          <root type="composite">
            <root url="jar://D:/sdk/Android-sdk/platforms/android-24/android.jar!/" type="simple" />
            <root url="file://D:/sdk/Android-sdk/platforms/android-24/data/res" type="simple" />
          </root>
        </classPath>
        <javadocPath>
          <root type="composite" />
        </javadocPath>
        <sourcePath>
          <root type="composite">
            <root url="file://D:/sdk/Android-sdk/sources/android-24" type="simple" />
          </root>
        </sourcePath>
      </roots>
      <additional jdk="1.8" sdk="android-24" />
    </jdk>
    <jdk version="2">
      <name value="Android API 25 Platform" />
      <type value="Android SDK" />
      <version value="java version &quot;1.8.0_112-release&quot;" />
      <homePath value="D:\sdk\Android-sdk" />
      <roots>
        <annotationsPath>
          <root type="composite">
            <root url="jar://$APPLICATION_HOME_DIR$/plugins/android/lib/androidAnnotations.jar!/" type="simple" />
          </root>
        </annotationsPath>
        <classPath>
          <root type="composite">
            <root url="jar://D:/sdk/Android-sdk/platforms/android-25/android.jar!/" type="simple" />
            <root url="file://D:/sdk/Android-sdk/platforms/android-25/data/res" type="simple" />
          </root>
        </classPath>
        <javadocPath>
          <root type="composite" />
        </javadocPath>
        <sourcePath>
          <root type="composite">
            <root url="file://D:/sdk/Android-sdk/sources/android-25" type="simple" />
          </root>
        </sourcePath>
      </roots>
      <additional jdk="1.8" sdk="android-25" />
    </jdk>
    <jdk version="2">
      <name value="Android API 26 Platform" />
      <type value="Android SDK" />
      <version value="java version &quot;1.8.0_112-release&quot;" />
      <homePath value="D:\sdk\Android-sdk" />
      <roots>
        <annotationsPath>
          <root type="composite">
            <root url="jar://$APPLICATION_HOME_DIR$/plugins/android/lib/androidAnnotations.jar!/" type="simple" />
          </root>
        </annotationsPath>
        <classPath>
          <root type="composite">
            <root url="jar://D:/sdk/Android-sdk/platforms/android-26/android.jar!/" type="simple" />
            <root url="file://D:/sdk/Android-sdk/platforms/android-26/data/res" type="simple" />
          </root>
        </classPath>
        <javadocPath>
          <root type="composite" />
        </javadocPath>
        <sourcePath>
          <root type="composite">
            <root url="file://D:/sdk/Android-sdk/sources/android-26" type="simple" />
          </root>
        </sourcePath>
      </roots>
      <additional jdk="1.8" sdk="android-26" />
    </jdk>
    <jdk version="2">
      <name value="Android API 27 Platform" />
      <type value="Android SDK" />
      <version value="java version &quot;1.8.0_112-release&quot;" />
      <homePath value="D:\sdk\Android-sdk" />
      <roots>
        <annotationsPath>
          <root type="composite">
            <root url="jar://$APPLICATION_HOME_DIR$/plugins/android/lib/androidAnnotations.jar!/" type="simple" />
          </root>
        </annotationsPath>
        <classPath>
          <root type="composite">
            <root url="jar://D:/sdk/Android-sdk/platforms/android-27/android.jar!/" type="simple" />
            <root url="file://D:/sdk/Android-sdk/platforms/android-27/data/res" type="simple" />
          </root>
        </classPath>
        <javadocPath>
          <root type="composite">
            <root url="http://developer.android.com/reference/" type="simple" />
          </root>
        </javadocPath>
        <sourcePath>
          <root type="composite" />
        </sourcePath>
      </roots>
      <additional jdk="1.8" sdk="android-27" />
    </jdk>
    <jdk version="2">
      <name value="Android API 28 Platform" />
      <type value="Android SDK" />
      <version value="java version &quot;1.8.0_112-release&quot;" />
      <homePath value="D:\sdk\Android-sdk" />
      <roots>
        <annotationsPath>
          <root type="composite">
            <root url="jar://D:/sdk/Android-sdk/platforms/android-28/data/annotations.zip!/" type="simple" />
          </root>
        </annotationsPath>
        <classPath>
          <root type="composite">
            <root url="jar://D:/sdk/Android-sdk/platforms/android-28/android.jar!/" type="simple" />
            <root url="file://D:/sdk/Android-sdk/platforms/android-28/data/res" type="simple" />
          </root>
        </classPath>
        <javadocPath>
          <root type="composite" />
        </javadocPath>
        <sourcePath>
          <root type="composite">
            <root url="file://D:/sdk/Android-sdk/sources/android-28" type="simple" />
          </root>
        </sourcePath>
      </roots>
      <additional jdk="1.8" sdk="android-28" />
    </jdk>
    <jdk version="2">
      <name value="Android API 29 Platform" />
      <type value="Android SDK" />
      <version value="java version &quot;1.8.0_112-release&quot;" />
      <homePath value="D:\sdk\Android-sdk" />
      <roots>
        <annotationsPath>
          <root type="composite">
            <root url="jar://$APPLICATION_HOME_DIR$/plugins/android/lib/androidAnnotations.jar!/" type="simple" />
          </root>
        </annotationsPath>
        <classPath>
          <root type="composite">
            <root url="jar://D:/sdk/Android-sdk/platforms/android-29/android.jar!/" type="simple" />
            <root url="file://D:/sdk/Android-sdk/platforms/android-29/data/res" type="simple" />
          </root>
        </classPath>
        <javadocPath>
          <root type="composite" />
        </javadocPath>
        <sourcePath>
          <root type="composite">
            <root url="file://D:/sdk/Android-sdk/sources/android-29" type="simple" />
          </root>
        </sourcePath>
      </roots>
      <additional jdk="1.8" sdk="android-29" />
    </jdk>
    <jdk version="2">
      <name value="Android API 30 Platform" />
      <type value="Android SDK" />
      <version value="java version &quot;1.8.0_112-release&quot;" />
      <homePath value="D:\sdk\Android-sdk" />
      <roots>
        <annotationsPath>
          <root type="composite">
            <root url="jar://D:/sdk/Android-sdk/platforms/android-30/data/annotations.zip!/" type="simple" />
          </root>
        </annotationsPath>
        <classPath>
          <root type="composite">
            <root url="jar://D:/sdk/Android-sdk/platforms/android-30/android.jar!/" type="simple" />
            <root url="file://D:/sdk/Android-sdk/platforms/android-30/data/res" type="simple" />
          </root>
        </classPath>
        <javadocPath>
          <root type="composite" />
        </javadocPath>
        <sourcePath>
          <root type="composite">
            <root url="file://D:/sdk/Android-sdk/sources/android-30" type="simple" />
          </root>
        </sourcePath>
      </roots>
      <additional jdk="1.8" sdk="android-30" />
    </jdk>
    <jdk version="2">
      <name value="Android API 19 Platform" />
      <type value="Android SDK" />
      <version value="java version &quot;1.8.0_112-release&quot;" />
      <homePath value="D:\sdk\Android-sdk" />
      <roots>
        <annotationsPath>
          <root type="composite">
            <root url="jar://$APPLICATION_HOME_DIR$/plugins/android/lib/androidAnnotations.jar!/" type="simple" />
          </root>
        </annotationsPath>
        <classPath>
          <root type="composite">
            <root url="jar://D:/sdk/Android-sdk/platforms/android-19/android.jar!/" type="simple" />
            <root url="file://D:/sdk/Android-sdk/platforms/android-19/data/res" type="simple" />
          </root>
        </classPath>
        <javadocPath>
          <root type="composite">
            <root url="http://developer.android.com/reference/" type="simple" />
          </root>
        </javadocPath>
        <sourcePath>
          <root type="composite" />
        </sourcePath>
      </roots>
      <additional jdk="1.8" sdk="android-19" />
    </jdk>
    <jdk version="2">
      <name value="11" />
      <type value="JavaSDK" />
      <version value="java version &quot;11.0.8&quot;" />
      <homePath value="$APPLICATION_HOME_DIR$/jre" />
      <roots>
        <annotationsPath>
          <root type="composite">
            <root url="jar://$APPLICATION_HOME_DIR$/plugins/java/lib/jdkAnnotations.jar!/" type="simple" />
          </root>
        </annotationsPath>
        <classPath>
          <root type="composite">
            <root url="jrt://D:/Android Studio3.6/jre!/java.base" type="simple" />
            <root url="jrt://D:/Android Studio3.6/jre!/java.compiler" type="simple" />
            <root url="jrt://D:/Android Studio3.6/jre!/java.datatransfer" type="simple" />
            <root url="jrt://D:/Android Studio3.6/jre!/java.desktop" type="simple" />
            <root url="jrt://D:/Android Studio3.6/jre!/java.instrument" type="simple" />
            <root url="jrt://D:/Android Studio3.6/jre!/java.logging" type="simple" />
            <root url="jrt://D:/Android Studio3.6/jre!/java.management" type="simple" />
            <root url="jrt://D:/Android Studio3.6/jre!/java.management.rmi" type="simple" />
            <root url="jrt://D:/Android Studio3.6/jre!/java.naming" type="simple" />
            <root url="jrt://D:/Android Studio3.6/jre!/java.net.http" type="simple" />
            <root url="jrt://D:/Android Studio3.6/jre!/java.prefs" type="simple" />
            <root url="jrt://D:/Android Studio3.6/jre!/java.rmi" type="simple" />
            <root url="jrt://D:/Android Studio3.6/jre!/java.scripting" type="simple" />
            <root url="jrt://D:/Android Studio3.6/jre!/java.se" type="simple" />
            <root url="jrt://D:/Android Studio3.6/jre!/java.security.jgss" type="simple" />
            <root url="jrt://D:/Android Studio3.6/jre!/java.security.sasl" type="simple" />
            <root url="jrt://D:/Android Studio3.6/jre!/java.smartcardio" type="simple" />
            <root url="jrt://D:/Android Studio3.6/jre!/java.sql" type="simple" />
            <root url="jrt://D:/Android Studio3.6/jre!/java.sql.rowset" type="simple" />
            <root url="jrt://D:/Android Studio3.6/jre!/java.transaction.xa" type="simple" />
            <root url="jrt://D:/Android Studio3.6/jre!/java.xml" type="simple" />
            <root url="jrt://D:/Android Studio3.6/jre!/java.xml.crypto" type="simple" />
            <root url="jrt://D:/Android Studio3.6/jre!/jdk.accessibility" type="simple" />
            <root url="jrt://D:/Android Studio3.6/jre!/jdk.aot" type="simple" />
            <root url="jrt://D:/Android Studio3.6/jre!/jdk.attach" type="simple" />
            <root url="jrt://D:/Android Studio3.6/jre!/jdk.charsets" type="simple" />
            <root url="jrt://D:/Android Studio3.6/jre!/jdk.compiler" type="simple" />
            <root url="jrt://D:/Android Studio3.6/jre!/jdk.crypto.cryptoki" type="simple" />
            <root url="jrt://D:/Android Studio3.6/jre!/jdk.crypto.ec" type="simple" />
            <root url="jrt://D:/Android Studio3.6/jre!/jdk.dynalink" type="simple" />
            <root url="jrt://D:/Android Studio3.6/jre!/jdk.hotspot.agent" type="simple" />
            <root url="jrt://D:/Android Studio3.6/jre!/jdk.httpserver" type="simple" />
            <root url="jrt://D:/Android Studio3.6/jre!/jdk.internal.ed" type="simple" />
            <root url="jrt://D:/Android Studio3.6/jre!/jdk.internal.jvmstat" type="simple" />
            <root url="jrt://D:/Android Studio3.6/jre!/jdk.internal.le" type="simple" />
            <root url="jrt://D:/Android Studio3.6/jre!/jdk.internal.vm.ci" type="simple" />
            <root url="jrt://D:/Android Studio3.6/jre!/jdk.internal.vm.compiler" type="simple" />
            <root url="jrt://D:/Android Studio3.6/jre!/jdk.internal.vm.compiler.management" type="simple" />
            <root url="jrt://D:/Android Studio3.6/jre!/jdk.javadoc" type="simple" />
            <root url="jrt://D:/Android Studio3.6/jre!/jdk.jdi" type="simple" />
            <root url="jrt://D:/Android Studio3.6/jre!/jdk.jdwp.agent" type="simple" />
            <root url="jrt://D:/Android Studio3.6/jre!/jdk.jfr" type="simple" />
            <root url="jrt://D:/Android Studio3.6/jre!/jdk.jsobject" type="simple" />
            <root url="jrt://D:/Android Studio3.6/jre!/jdk.localedata" type="simple" />
            <root url="jrt://D:/Android Studio3.6/jre!/jdk.management" type="simple" />
            <root url="jrt://D:/Android Studio3.6/jre!/jdk.management.agent" type="simple" />
            <root url="jrt://D:/Android Studio3.6/jre!/jdk.management.jfr" type="simple" />
            <root url="jrt://D:/Android Studio3.6/jre!/jdk.naming.dns" type="simple" />
            <root url="jrt://D:/Android Studio3.6/jre!/jdk.naming.rmi" type="simple" />
            <root url="jrt://D:/Android Studio3.6/jre!/jdk.net" type="simple" />
            <root url="jrt://D:/Android Studio3.6/jre!/jdk.pack" type="simple" />
            <root url="jrt://D:/Android Studio3.6/jre!/jdk.scripting.nashorn" type="simple" />
            <root url="jrt://D:/Android Studio3.6/jre!/jdk.scripting.nashorn.shell" type="simple" />
            <root url="jrt://D:/Android Studio3.6/jre!/jdk.sctp" type="simple" />
            <root url="jrt://D:/Android Studio3.6/jre!/jdk.security.auth" type="simple" />
            <root url="jrt://D:/Android Studio3.6/jre!/jdk.security.jgss" type="simple" />
            <root url="jrt://D:/Android Studio3.6/jre!/jdk.unsupported" type="simple" />
            <root url="jrt://D:/Android Studio3.6/jre!/jdk.xml.dom" type="simple" />
            <root url="jrt://D:/Android Studio3.6/jre!/jdk.zipfs" type="simple" />
          </root>
        </classPath>
        <javadocPath>
          <root type="composite">
            <root url="https://docs.oracle.com/en/java/javase/11/docs/api/" type="simple" />
          </root>
        </javadocPath>
        <sourcePath>
          <root type="composite" />
        </sourcePath>
      </roots>
      <additional />
    </jdk>
  </component>
</application>