<application>
  <component name="VisualizationTool">
    <option name="state">
      <GlobalState>
        <option name="customConfigurationAttributes">
          <list>
            <CustomConfigurationAttribute>
              <option name="apiLevel" value="30" />
              <option name="deviceId" value="pixel" />
              <option name="name" value="Preview" />
              <option name="nightMode" value="NOTNIGHT" />
              <option name="orientation" value="PORTRAIT" />
              <option name="theme" value="AppTheme" />
              <option name="uiMode" value="NORMAL" />
            </CustomConfigurationAttribute>
          </list>
        </option>
        <option name="firstTimeOpen" value="false" />
      </GlobalState>
    </option>
  </component>
</application>